,qw,qx,qy,qz
0,-0.09531364498164362,-0.3792020656700702,-0.8426108565934007,-0.37030804315164517
0,-0.0941062762237883,-0.37678533208936427,-0.843770529757147,-0.37044313384235283
0,-0.09382266395815539,-0.3762495581305797,-0.844015770562524,-0.37050095381265535
0,-0.09450967469009819,-0.37712784514170583,-0.8435905426927018,-0.3704018170692177
0,-0.09448012597504934,-0.37741349757973863,-0.8434817395804649,-0.3703661872183803
0,-0.09337963527742088,-0.37474612993104994,-0.844677927672222,-0.37062754932751174
0,-0.09199005985541245,-0.37108033285906133,-0.8461924864419882,-0.3712081509640266
0,-0.09184445478646379,-0.37059176584284936,-0.8464013073306318,-0.3712562001683653
0,-0.09131405042692711,-0.36910780130443216,-0.8471030925849219,-0.37126476501803624
0,-0.09012986626321601,-0.3663728659663429,-0.8483622772299929,-0.37138790618990775
0,-0.0889633496820102,-0.3637260558432167,-0.8495496296315801,-0.37155659798601176
0,-0.08794039225372903,-0.361353021891461,-0.8505701709096701,-0.3717806683232254
0,-0.08705342689510287,-0.3590090217777904,-0.8515240248651521,-0.3720766832595463
0,-0.08628259859953319,-0.35679485251490606,-0.8523893281413605,-0.3724045913633427
0,-0.085466321524113,-0.35475496813971336,-0.8532055788092596,-0.3726723235686872
0,-0.08488918297868954,-0.3528988557198618,-0.8539020346026261,-0.3729712315263983
0,-0.08398305706208642,-0.35093568602370967,-0.8546411380509288,-0.37333566070305674
0,-0.08358079022632675,-0.34994880514716126,-0.8549605201701185,-0.3736209231716784
0,-0.08457429647844976,-0.35166542044514276,-0.854132485871946,-0.37367943081808247
0,-0.08539428285403822,-0.3531886648717177,-0.8533870743423292,-0.3737593942731313
0,-0.08603152484145608,-0.35474742228730016,-0.852658461874403,-0.3737999337987467
0,-0.08688025097568822,-0.3563437674804254,-0.8518580956763179,-0.3739100509467153
0,-0.0882785704263649,-0.35786359010762386,-0.8507143071523624,-0.37473418910613954
0,-0.09189863239448132,-0.35755752406078084,-0.8487574529200568,-0.3785736975335263
0,-0.10133171580348173,-0.3478576460063581,-0.8439271895974801,-0.3956183010748322
0,-0.12953748392487655,-0.32955213460656824,-0.8329067501628141,-0.42530198255814233
0,-0.19574289852790944,-0.2904249219224866,-0.8153609650651478,-0.46100388181688995
0,-0.29728284256915644,-0.23925018298934797,-0.7961939453454819,-0.46952897977522273
0,-0.3983564330297752,-0.18552479525767107,-0.7679758954875935,-0.4659460554167428
0,-0.5127640929890341,-0.08142830064825306,-0.7236008893770627,-0.4548012419589407
0,-0.5549738160811977,-0.028960272770555535,-0.7023366896592338,-0.4448466482101865
0,-0.6061417427153342,0.04491917112553143,-0.6655908834394221,-0.4330857093991242
0,-0.6452119519641218,0.11782961442118196,-0.6220860489942481,-0.4275823507287564
0,-0.6579586871374242,0.17468663280717794,-0.5960955871411766,-0.42572878376931866
0,-0.6471431350968477,0.2126345235784324,-0.5913776537471568,-0.43158405059513516
0,-0.6385052784490431,0.2308613448721734,-0.5897552620284937,-0.43726740073577886
0,-0.6361219065246024,0.2472942861098499,-0.5803417988033336,-0.44429478126423655
0,-0.6423035540704088,0.25895045760506435,-0.5602792378949006,-0.4543984820821461
0,-0.6559946178822619,0.2648994522765218,-0.5323237535887781,-0.46489865869698754
0,-0.6691340176048934,0.2730398858816148,-0.5022681396016634,-0.47480059303119354
0,-0.6742431280738715,0.2982248496964911,-0.4704280854581114,-0.4849284067580308
0,-0.6768759822818672,0.3171147374625326,-0.4463067103095181,-0.4920238492458697
0,-0.6757637096495163,0.33834246973820775,-0.41783630560482066,-0.5042624352563744
0,-0.6756934162880366,0.35871352268008694,-0.3874601836469389,-0.5144294139332678
0,-0.6735315243277972,0.37283235351348265,-0.3701265459565728,-0.5199592886837667
0,-0.6649022197734022,0.3954578757316822,-0.35493774307666,-0.5249164745003102
0,-0.6581201276846166,0.4144276658716402,-0.33758359613467914,-0.5302498683803192
0,-0.6502035070106429,0.4302897682654443,-0.324741047884575,-0.535377779344604
0,-0.6426515157739348,0.44187298143982295,-0.3089801559861373,-0.5443147625719226
0,-0.6383327650399294,0.4485690813803659,-0.2887810975720805,-0.5549076842062268
0,-0.6368871179357602,0.44629996955051976,-0.26450893778413465,-0.5702860317586212
0,-0.6376084222648598,0.4324374810919969,-0.23223160686042763,-0.5937354676779457
0,-0.6356984454112917,0.41822978848949843,-0.2064271748315765,-0.6151090570075767
0,-0.6333919354091586,0.4024412156058223,-0.18785748298019436,-0.6336917943517135
0,-0.6358415277710896,0.39371869940116094,-0.18144099192063753,-0.6385689498828142
0,-0.6475518500335966,0.36269048335782705,-0.13644674709024196,-0.6561360377301522
0,-0.6574090041599627,0.3501363204353221,-0.0994510227447691,-0.6597934922659052
0,-0.6558069474892527,0.3313811749740009,-0.08652888094434501,-0.6727678033766172
0,-0.6511910052994762,0.31830396459911114,-0.07559942281041979,-0.6847755749209203
0,-0.650909304425908,0.3114548885803487,-0.059907435646318646,-0.6897275033993248
0,-0.6544569851274675,0.30743941297768895,-0.04777462784749305,-0.6891187465885931
0,-0.6625374975415828,0.2855235667475891,-0.04033684425860654,-0.6912982686064889
0,-0.6752413301023359,0.26183938424161124,-0.02646081117732511,-0.6890494238103971
0,-0.6904748315915004,0.24112415101805285,-0.012648763389736415,-0.6818677727530632
0,-0.7094133312553641,0.22406410943299332,0.001871252699754831,-0.6682248863328127
0,-0.7263538906229875,0.22580769060703137,0.016970594638546322,-0.6489475412983569
0,-0.7304013119045494,0.2528790939039231,0.02489438085207417,-0.6339923952512647
0,-0.7276584067793195,0.27921303196660463,0.030128707529964445,-0.625815936842433
0,-0.7146311536982815,0.3236039480080547,0.03197443012275721,-0.6193225612036014
0,-0.695584514057849,0.370558431056871,0.028237576154656312,-0.6148587417191743
0,-0.6660358083428956,0.4352998128793637,0.007174916340233336,-0.6056887777462345
0,-0.6343077997033694,0.489177181602494,-0.012102530598875767,-0.5985088378528878
0,-0.5661195914734833,0.5794453508905757,-0.034038430654621456,-0.5853145126509034
0,-0.5438060414583328,0.6030695684779039,-0.040826422528244054,-0.5821643136373428
0,-0.5155060852099606,0.6258065536570008,-0.04647201713976528,-0.5834894901661982
0,-0.49820237607497386,0.6406873780891098,-0.049509936277864854,-0.5821192680545063
0,-0.48715834396984703,0.647193582357808,-0.05415581380864786,-0.583853031752124
0,-0.47519645829021595,0.654673664166112,-0.054354930978046355,-0.5853513995491287
0,-0.4621298422846532,0.6650086575355035,-0.05962486993478242,-0.5836474699320211
0,-0.4470269245786485,0.675577879176296,-0.06663017434959669,-0.5825134142108281
0,-0.43719149611412106,0.6778963555635058,-0.07856958704688581,-0.5857874587514617
0,-0.44539375066515374,0.6585218573818346,-0.10072111717972736,-0.5981877855430295
0,-0.46544069605886634,0.6155144625554564,-0.13186379205688714,-0.6221887536605624
0,-0.4742787365817199,0.5808822400319311,-0.1464958770258422,-0.6451158510348068
0,-0.4878423146730416,0.5294567242520127,-0.16893789428413736,-0.6731607839391857
0,-0.4917994042127782,0.5037811314998872,-0.1775656140371151,-0.6876106240251616
0,-0.4825445223299241,0.5086260861517033,-0.17287891802851416,-0.6917826018025285
0,-0.461689335526328,0.5448817247946177,-0.15698004826585754,-0.6821320457891926
0,-0.43413603958803443,0.5896696358645082,-0.14431674544000267,-0.6655736598272505
0,-0.40512830932917093,0.6315753875019706,-0.1367303357114565,-0.6467521922483571
0,-0.3756568320987587,0.6692439306789105,-0.13281276098640152,-0.6271804176360543
0,-0.3480682783151307,0.7001252705840818,-0.1296357909314139,-0.6098095119214637
0,-0.3269019191655293,0.7208951727803516,-0.1255581352238695,-0.5980639094503072
0,-0.30196759775832344,0.7429464421190146,-0.12303435449555979,-0.5845585528076944
0,-0.28041492654274125,0.7583665379035923,-0.12219099708320318,-0.575601444918236
0,-0.2615437704328925,0.7697375475058408,-0.12063319750435833,-0.5696899119409736
0,-0.24418470150288107,0.7787416380708082,-0.11770644169851519,-0.5657565609601157
0,-0.22842157852250575,0.7851392428997152,-0.11218977166799711,-0.5646179299820647
0,-0.21460521609210148,0.7907588433452325,-0.09873030350792547,-0.5647099964287912
0,-0.205578667321476,0.793831410444015,-0.08104137259333426,-0.5665698538247337
0,-0.20627472808948427,0.7914175937201658,-0.0613200136622427,-0.5721440245482377
0,-0.21285447011572456,0.7858845578497783,-0.04041089927727026,-0.5791764804484165
0,-0.2211380522805111,0.7791732979452677,-0.015559583587025194,-0.5862975634959398
0,-0.23439296069132387,0.7704115998943285,0.009383620437192952,-0.5928219415592741
0,-0.2544278188960665,0.7576719043089994,0.030555296293022418,-0.6002217459081355
0,-0.2788622796182023,0.7395427011507874,0.04378200008051796,-0.6110610105788835
0,-0.29773067966808797,0.7223396899728481,0.050562574844207245,-0.6221135271792698
0,-0.33591665975248863,0.6776098201047538,0.038169330156842665,-0.6531064473986702
0,-0.35236949920687494,0.6477018722890968,0.01882042861455751,-0.675250925307518
0,-0.3589355284101464,0.6281053547081129,0.00478161838292032,-0.6903811164549367
0,-0.3630761889496524,0.6040200729949758,-0.013893817395720391,-0.7093253092024243
0,-0.36120524347954386,0.5811138791619732,-0.03130405815287924,-0.7285996757282893
0,-0.3529224798173802,0.5653340792543156,-0.04493100676092796,-0.7441937292833605
0,-0.3421756921645695,0.5545531856668436,-0.05683083741286274,-0.7564104810732105
0,-0.32649908935965993,0.5479641726861875,-0.06752987030290801,-0.7671853274903836
0,-0.3043882639686202,0.5483041217800754,-0.07591572075504141,-0.775207828997742
0,-0.27890521904429594,0.5554662604387586,-0.08500250827419234,-0.7787449427708217
0,-0.25284328514657306,0.5666115751100831,-0.09374006932157555,-0.7786105544565561
0,-0.22622774634592696,0.580224397402289,-0.09962493094070429,-0.7760383550942913
0,-0.2006488556391194,0.5953892810871422,-0.1019096503927766,-0.7712756082322778
0,-0.17742769466892677,0.6117422622216921,-0.1001231666251691,-0.7643730563548832
0,-0.15676830655719978,0.6287294236331317,-0.09423502122056233,-0.7558060403917781
0,-0.13925136999068133,0.645198611821699,-0.08468387182605587,-0.7464291320089397
0,-0.12581717474651988,0.6606585665201992,-0.074300002354432,-0.7363285996567095
0,-0.11437526787017463,0.6748830839031175,-0.06309859330925406,-0.7262710848460353
0,-0.10397410077178153,0.6882719988902621,-0.0518038224814486,-0.7160917580091346
0,-0.09465792224024976,0.6997880730931343,-0.04128282834063142,-0.7068467009175009
0,-0.08529246611506859,0.7118260798580021,-0.030488686291082475,-0.6964906799564824
0,-0.07743200053496335,0.7203683147103593,-0.022685311849757236,-0.6888825393931752
0,-0.07048975218341456,0.7291562575216832,-0.014995194039706141,-0.6805420568266192
0,-0.06572906479163038,0.7334779376141527,-0.009091417890081683,-0.6764666667291559
0,-0.06494579902990147,0.7341867788323652,-0.0007754165292189711,-0.675833718976295
0,-0.06492754037732273,0.7318818495237548,0.005391421899800092,-0.6783098889210871
0,-0.06910386862136231,0.7245894687989146,0.012952387044877108,-0.685585146219715
0,-0.07734746347081478,0.7111837597185784,0.019417132159294227,-0.6984683276898723
0,-0.08698317949969574,0.6944917844253383,0.023750216385072527,-0.7138284213110987
0,-0.09705775682431378,0.6710964940985079,0.03564996141066549,-0.7341242181677035
0,-0.10678189922276009,0.64831980930646,0.05183949330054063,-0.752058320739528
0,-0.12361535402519633,0.6244191565424199,0.06126927113572806,-0.7688081929887162
0,-0.1403530824489262,0.6035134830081272,0.06725584924567955,-0.7820160732470441
0,-0.15197288267095438,0.5901721216166309,0.07886447172864502,-0.788911595109469
0,-0.1641061313890173,0.5863681785829622,0.09469313318971996,-0.7875752327952829
0,-0.17540739967746652,0.5916817421222333,0.10862076566341641,-0.779324380116702
0,-0.18350939323385126,0.6032748064921024,0.12532753134774383,-0.7659483144006132
0,-0.1882012193120195,0.6123066286969491,0.1357493673350631,-0.7557995784408561
0,-0.19045616142720986,0.6259037059007798,0.14534910944575027,-0.7421890850028786
0,-0.18945085428324224,0.6298369439597081,0.14828934613311479,-0.7385283120221314
0,-0.18225155299611018,0.6440598612521253,0.15742003265766258,-0.7260786457901511
0,-0.17776802047251952,0.6521618787113437,0.15679991762701653,-0.7200674973119766
0,-0.17255392357875943,0.6579052249986559,0.15283510075956794,-0.7169569654817899
0,-0.16799589801737938,0.6616971300959711,0.14861482364110032,-0.7154354761026424
0,-0.16069287320883263,0.665728281643865,0.13886042572500235,-0.7153330956183057
0,-0.14879837823591416,0.6690835162682727,0.12546873469841346,-0.7172474381310994
0,-0.135256508509632,0.6724154169789409,0.10812311286360737,-0.7196336403889863
0,-0.12329982948802998,0.6755756564540003,0.08862722648400508,-0.7214845107004877
0,-0.10896775343087496,0.6773923079214844,0.067101454469106,-0.7244053317647265
0,-0.09309128986079118,0.678797789915043,0.05726613272442655,-0.7261461025174588
0,-0.08384759827525153,0.6772460392743934,0.051064858690523796,-0.7291774562872441
0,-0.08085419576043698,0.6674840131074757,0.050239746854467776,-0.7385144948542791
0,-0.0876531393365733,0.6458688570772297,0.05058237758041163,-0.7567111534135789
0,-0.09644387685453801,0.6186368921366661,0.051446008460910145,-0.7780361704433758
0,-0.10678062017900838,0.5854727046229777,0.05678576739460153,-0.8016202267389766
0,-0.11371495941796964,0.565227267320702,0.06861682313644557,-0.8141736767203929
0,-0.120549794149858,0.5594694654320894,0.08309811438776382,-0.8158163811574006
0,-0.12310854681144541,0.5731160803018986,0.0979801518373082,-0.8042276630701657
0,-0.12179202119930163,0.5802787501562121,0.100874206715326,-0.7989165601668845
0,-0.10786823662124709,0.6063263111921842,0.09631999091669342,-0.7819560775606962
0,-0.09688212088486677,0.6156349195429636,0.08228789220437059,-0.7777121596636772
0,-0.0845649209008068,0.6189924548286582,0.0678837836257464,-0.7778746087505909
0,-0.06851476234647538,0.6204168499680485,0.049186538447286744,-0.7797238896249773
0,-0.05089711948271867,0.620480980792949,0.03292847414746226,-0.7818750228092095
0,-0.033923815154765044,0.6219555135091828,0.019727100041880163,-0.7820686386148035
0,-0.01869287381825308,0.6255888654372185,0.011303875944795132,-0.7798470172399286
0,-0.002952155448436564,0.6333684566621276,0.01046717798700349,-0.7737739470081887
0,0.00947038519463756,0.643889998088259,0.014559014168194976,-0.7649209222348525
0,0.020802821234402986,0.6606392025950424,0.02211612372368718,-0.7500893038130291
0,0.028403063842135482,0.6778091903876629,0.030066656019344003,-0.7340735409931455
0,0.03496663748039582,0.6951210195924664,0.04138636305866373,-0.7168481508219305
0,0.04110468985747826,0.7128889156650374,0.0554442479080739,-0.6978722904425679
0,0.04289095594597888,0.7306967971315864,0.07048657108605394,-0.6776977201202702
0,0.04233041819559463,0.7472733926171756,0.0877848337701689,-0.6573312980086575
0,0.041975788158787435,0.7587809711639242,0.10188013486598424,-0.6419578717701572
0,0.03856019615048306,0.7704123831439794,0.12023476788552992,-0.6249171719218182
0,0.030199880091251387,0.7780942648913927,0.13728315323600607,-0.6122177864315744
0,0.00933777441670543,0.779464661437255,0.1455478172283923,-0.6092318773993189
0,0.00039794274974391347,0.7801273457136724,0.14652823215382163,-0.6082192394960753
0,-0.0015221343106757107,0.7831490130724268,0.14816763503414437,-0.6039218975655817
0,0.004129583363331672,0.7895905569161917,0.14816604692297505,-0.5954632830907732
0,0.01046062760454138,0.7956587086833019,0.14209501405436303,-0.5887502030126446
0,0.01790577186483023,0.799611783247853,0.13696143946236858,-0.5844158994461984
0,0.024646971654277657,0.8005703279843798,0.13252376365913268,-0.5838810913232886
0,0.024116627881331114,0.7976058481911146,0.12835065909154417,-0.5888712996077602
0,0.018336733913380754,0.792552365840853,0.12454975900853085,-0.5966673018696212
0,0.011395552036289258,0.7883193978736964,0.12316682403746523,-0.6027044066425641
0,0.005029559080963992,0.784789410704677,0.12184203880101498,-0.6076469385770564
0,0.0015724645658810085,0.7815636171708212,0.12015827611529385,-0.6121420001527849
0,-0.00029327239999463444,0.7777151061568223,0.11654180496749678,-0.6177193014158617
0,0.0005514968913827561,0.7741530939730803,0.11068826911832373,-0.6232453690342797
0,0.0019346872752775642,0.7714983893454873,0.10117671826689094,-0.6281319637649465
0,0.008125100405671087,0.7709833525998709,0.0900382657892121,-0.6304060306270335
0,0.020383276582847366,0.7728009655606658,0.07897656397714117,-0.6293853287189133
0,0.038645877971129526,0.7755398135670328,0.0689746902211922,-0.6263281773935636
0,0.05717551882593975,0.7777600582239749,0.06322767388668082,-0.6227539748032953
0,0.08122617736745616,0.7802255920805368,0.05456612833863107,-0.617796787957803
0,0.09707057368173835,0.7785667529727973,0.04622394647453653,-0.6182834800177123
0,0.1051729770946986,0.7723032356604336,0.04237876583806862,-0.6250523156372635
0,0.10974238645758314,0.7649216341229892,0.03368792262760842,-0.633811191234619
0,0.10909164616627103,0.7543050335248049,0.020788494224937865,-0.6470631867474272
0,0.11883264227014846,0.7334888959041995,0.013780006995904443,-0.6690911403714194
0,0.12022517624552174,0.7235069095785805,0.010793353674386127,-0.6796816624753419
0,0.11940654744998502,0.6983370717186024,-0.0014496537332997254,-0.7057374222709291
0,0.12668654515718172,0.6738510434602932,0.0033145501807081874,-0.7279177867456674
0,0.12410633563619157,0.6514916004292237,-0.0014224523197099528,-0.7484345586987041
0,0.11809833609372211,0.6269411607432106,-0.007152187553249785,-0.7700301358979746
0,0.11404358003859903,0.5974524614917872,-0.001534174909134953,-0.7937520169528595
0,0.10534939615034085,0.5687580980332843,0.0037025019511918575,-0.8157217798561107
0,0.09550811641637783,0.5454131229221896,0.0039171894216122995,-0.8326988535298312
0,0.08988784344273382,0.5233291961159195,0.014196912648537058,-0.8472574436174226
0,0.07747047483962695,0.505675498503045,0.026821999082178763,-0.8588196528416518
0,0.06499940879676891,0.4885082815277612,0.038509501744906034,-0.869282321234145
0,0.048749629656888956,0.4680436798440522,0.022635363060281775,-0.8820692873609669
0,0.04520656021398832,0.43626169409605753,0.002899322215389344,-0.898678860944636
0,0.04682788949206171,0.4019251414405402,-0.011150542150997908,-0.9144063619931021
0,0.053691934061626374,0.3696160536825471,-0.016046989591191465,-0.9274932038575393
0,0.058677103045018,0.3414474290831811,-0.017413481257676475,-0.9379058702349713
0,0.06825311628431169,0.3182825248544354,-0.01580439864460154,-0.9454036003068998
0,0.0828372759195941,0.3005021978496547,-0.005649704542952226,-0.950160247350059
0,0.0932350066024834,0.29615344866849225,0.012138859094643503,-0.9505014552779361
0,0.10289453614308437,0.3018159018520125,0.032020258355341606,-0.94725634274784
0,0.11567643427658829,0.31636959357942523,0.047589857322302115,-0.9403533635243118
0,0.15078655439669758,0.3284083591186639,0.07620847923789925,-0.9293027667915368
0,0.18406979231277154,0.3279968195222015,0.08761175407729778,-0.9224210418722856
0,0.19151185841533006,0.317454424635188,0.09331534023533829,-0.924033626900348
0,0.18955013650130148,0.2966494203409109,0.08473605147551314,-0.9321425152540136
0,0.19307703317210784,0.2523156921200524,0.0728080020436856,-0.9453872463757074
0,0.17954401719932456,0.20702840983373474,0.06661778179749721,-0.9594088047115396
0,0.16107879938861452,0.18705092248186206,0.06288247459207748,-0.9670115651714739
0,0.1382278528563135,0.17629633884152057,0.0366390961675385,-0.9738943670839435
0,0.11857974464824192,0.15470136119914263,0.008483836770158635,-0.980782523047769
0,0.10291215365587451,0.11232452179532769,-0.012887995190494786,-0.9882439931582334
0,0.10459576937675849,0.06790750266504948,-0.04642151387526756,-0.9911071279936436
0,0.11859996761258543,0.04541001999574441,-0.07372303633216468,-0.9891596896761646
0,0.12139465812329046,0.03621544582625176,-0.09753458138258236,-0.9871366591801055
0,0.12013095951070596,0.017073051387741667,-0.11367259167790927,-0.9860809324718616
0,0.11349526766972694,0.014724080956777397,-0.13346677576039453,-0.9844230012675851
0,0.09470205096766324,0.02299868761657241,-0.16171483057150166,-0.9820136941426346
0,0.08610039808966533,0.022803787464224175,-0.18479489336303645,-0.9787326274897715
0,0.07964438544260755,0.022126972599568615,-0.19900584248323877,-0.9765059362894748
0,0.07149144587258952,0.021728871348655997,-0.21590770157386144,-0.9735505604323037
0,0.058780630231001434,0.023490964127740453,-0.2362525324795029,-0.9696276362661168
0,0.03725836235867648,0.02814692467508441,-0.255164874596378,-0.9657693574751166
0,0.01840176911343483,0.035493279869689344,-0.28094156878175286,-0.95889177538867
0,-0.0031687610087260897,0.05474951190403869,-0.32568158468259367,-0.943887681505895
0,-0.054427278189507065,0.09996552549186027,-0.4001864748809569,-0.9093378637362307
0,-0.10335588764641927,0.11648644380282032,-0.46112636484855474,-0.8735622156094841
0,-0.15939729432139493,0.13461245373126182,-0.5337230303460894,-0.8195191985192628
0,-0.21369954071370162,0.16917661921070437,-0.6292291185363807,-0.7278615899998563
0,-0.21846838560862364,0.19458526662794143,-0.6978137551488466,-0.6538073887820177
0,-0.21707795874748803,0.2209300044183648,-0.7610764891720803,-0.5699383042077676
0,-0.20920419607225035,0.23125961705471387,-0.8185856109126458,-0.482358986100851
0,-0.19473522542592675,0.2391203746911881,-0.8673807945943617,-0.3905767473297831
0,-0.17393337695163277,0.2526449096644772,-0.9027565099930202,-0.3015765469462964
0,-0.15244900949401055,0.24298441051518155,-0.9272884609709815,-0.24052855527141356
0,-0.1374763340234745,0.2384974089248151,-0.9439435874164605,-0.1821805348959072
0,-0.12969259548244527,0.22686287960843002,-0.9538865280166288,-0.1476941305576465
0,-0.12281954658512859,0.20424962567436025,-0.9640221502364532,-0.1177231635745169
0,-0.11590744499392015,0.18347699173015192,-0.9717798573839058,-0.09244223322459859
0,-0.10858768115101904,0.16400466914297007,-0.9776301886237936,-0.07450099524808702
0,-0.10261690783695511,0.1395855078810136,-0.9822255200534,-0.07224045937983346
0,-0.10096233385767184,0.10543569104181721,-0.9871248079185587,-0.06537993414110459
0,-0.09905007971774578,0.09402859019385115,-0.9885732555462877,-0.06380144475385481
0,-0.09646360828827168,0.07105644534333595,-0.9910471021034242,-0.05891854770428033
0,-0.08943627668739594,-0.006794055518236488,-0.99410698784893,0.06087930626935609
0,-0.0933193522663522,0.017069152018123767,-0.9954648724982198,-0.007059048383031678
0,-0.08943627668739594,-0.006794055518236488,-0.99410698784893,0.06087930626935609
0,-0.08018146757040846,-0.029499359078761996,-0.9882671733066621,0.12660455851452423
0,-0.0691281403632703,-0.0477641498005015,-0.9797312760487579,0.18184199992197564
0,-0.06095701221978777,-0.06867237138708494,-0.9733245979552438,0.21025597514594938
0,-0.08371689544124788,-0.0780964751589219,-0.9786250308298464,0.1708375574009225
0,-0.09927178956203053,-0.1025534819840401,-0.9755152749734359,0.16732556117820954
0,-0.1114467799033925,-0.14954921955971703,-0.9623972187760965,0.19749997334247632
0,-0.1312055028845578,-0.1814046029524778,-0.9571094572469802,0.1838993553247414
0,-0.14095726295882263,-0.191966256986802,-0.9582606834688886,0.15816595308527398
0,-0.15278922389102848,-0.20396442782851137,-0.958349872552727,0.12891658939615688
0,-0.16714853671492425,-0.21422807563645596,-0.9569309589649361,0.10222934049287723
0,-0.1720093050266847,-0.20676032607975556,-0.9600500978266275,0.07724491055540933
0,-0.178179969894316,-0.19030956569242585,-0.9642264440152185,0.047974286823127495
0,-0.19173169406614726,-0.18297085398272644,-0.9638466851429313,0.027571572721561438
0,-0.21822473414170393,-0.1402870114030432,-0.9635897840264774,0.064747571075615
0,-0.23336792080105023,-0.08764551982600034,-0.9633187343346619,0.09937148723497173
0,-0.24326171720840245,-0.03174420749213361,-0.966451953144757,0.07607012879047942
0,-0.2455133115918448,-0.02447071416019815,-0.9652496033308444,0.08612549709199369
0,-0.3184385335891243,-0.0007318707573452528,-0.9406893667767149,0.11704648616693371
0,-0.3886026420426602,0.022349798696866534,-0.9133276559746482,0.1196706560838049
0,-0.4524092197245233,0.04057376528499379,-0.8831754275642253,0.11696508720808155
0,-0.4771894302450796,0.049492681592793394,-0.8666575869208767,0.13691365586972656
0,-0.47778850147763696,0.06421553349588487,-0.8628072606346333,0.15217800139886528
0,-0.46453835388614456,0.08009381535636186,-0.8638693206033207,0.1775356173582348
0,-0.47429035897725436,0.06682551815501997,-0.8581608834790371,0.1847779845409593
0,-0.5107961539619313,0.04733175374463737,-0.8378097656742338,0.1868737293630153
0,-0.5738441591248564,0.041338731363158195,-0.7960860102506067,0.1877260094148981
0,-0.5910359968895704,0.02635686752494297,-0.7860268957632774,0.17928604254589908
0,-0.6046217792676929,0.017739074037012074,-0.7784614793427367,0.16767693480916473
0,-0.6230879625640101,0.018702619003095437,-0.7652909598583989,0.16044110978569842
0,-0.6379690323194053,0.01901161866919161,-0.7532677592884801,0.15881358560756553
0,-0.6493041777190495,0.018777481069774962,-0.7450908107283087,0.1512982973119497
0,-0.6653381576628669,0.006390712106653059,-0.7327675482938749,0.14260440008616834
0,-0.6956456878937263,-0.009087297768203582,-0.7054971958692371,0.13515992214698833
0,-0.7226519567083995,-0.012631141296168498,-0.6792108413086689,0.12762145894734073
0,-0.7469167190617623,0.0014725748022807142,-0.6536025935665071,0.1221347452308288
0,-0.7692362310937519,0.01351661306020502,-0.628595999065185,0.11384196020493767
0,-0.7838352649097909,0.017890907215906863,-0.6131591435220346,0.09653008669899049
0,-0.7914838211040247,0.02007268046752322,-0.6051665290336578,0.0832100989470395
0,-0.7990284964487293,0.021825343192565697,-0.5980461020432668,0.05846345942778389
0,-0.8020106271602843,0.01997694863046131,-0.5954804808567806,0.0422240732753321
0,-0.8106509812134423,0.011403885016328396,-0.5852000001299014,0.0159968094375517
0,-0.8172327805015897,0.006810997268198117,-0.5762294984652574,0.006614974552579299
0,-0.8267156041058682,-0.001466738181950359,-0.5626151198340156,-0.0018399840030703
0,-0.835059073608848,-0.006109779810930224,-0.5500787020029182,-0.007241255207449686
0,-0.8399193413561278,-0.010488706024211758,-0.5424985557360017,-0.010991091218742154
0,-0.8406941945369018,-0.006055430501994455,-0.5412954270912964,-0.013995129275451986
0,-0.8339289738251364,0.00045492613341936743,-0.5517036559351081,-0.013613804942192631
0,-0.8197883974420227,0.005516039608545586,-0.5724855205707498,-0.013299829446842973
0,-0.8016585682643922,0.012273697118543573,-0.5975429833311201,-0.011630965526217401
0,-0.7853093528234625,0.016555098163446216,-0.6188323651559463,-0.007851937868493789
0,-0.7731699122086654,0.016085117853985854,-0.6339916997042641,-0.002020035882481592
0,-0.768966030370962,0.011829794814142548,-0.6391680964246896,0.0039299622159472605
0,-0.7666457195498357,0.00971392039451307,-0.641932243319772,0.009109085186169682
0,-0.7634510662185989,0.009329656297691053,-0.6457163031557704,0.010289938867491619
0,-0.7586312974299645,0.012100474813081722,-0.6513444815772264,0.009082917368392125
0,-0.7522058490327665,0.01552897630889252,-0.658712281201509,0.006583477044602906
0,-0.7432348899750925,0.018697821671058358,-0.6687571735598009,0.004016540896835192
0,-0.7361550125695651,0.021515180654239897,-0.6764686470409949,0.001750440128893244
0,-0.7238923017320873,0.027282609246684634,-0.6893659944897376,-0.00318125240883717
0,-0.7143354368913651,0.03266306734676018,-0.6990156303193882,-0.005929266557698687
0,-0.7064128431865545,0.03768082866338975,-0.7067520684274493,-0.007909734878673195
0,-0.6950440120976256,0.04630541511503761,-0.7173994122122199,-0.01037849390910273
0,-0.6927432153864908,0.048773836531272007,-0.7193818492926944,-0.014754840366132546
0,-0.6935369459316688,0.0491714315282249,-0.7184892461187139,-0.019023095463169194
0,-0.6984251905386032,0.04779659418546178,-0.713590903959101,-0.02656615501383904
0,-0.7035813343953462,0.046000385575765475,-0.7084677622894091,-0.030507379664310528
0,-0.7094787933328847,0.04455162750635577,-0.7024743402524487,-0.03442085972685405
0,-0.7158503525963265,0.04322765875867615,-0.6959874723044349,-0.03593161005635882
0,-0.7221550727992024,0.04159478468594949,-0.6895731593878524,-0.03536640452694899
0,-0.7308651193747593,0.038605874037146916,-0.6805257107135548,-0.03507878032312553
0,-0.7344343842370635,0.03619347326842334,-0.6768421597440842,-0.03436362227787946
0,-0.7308802535622516,0.036328813021323646,-0.6806297952572142,-0.03517604448148437
0,-0.721843291684245,0.03705623112510892,-0.6901581620621388,-0.03536678278084102
0,-0.7090837202328045,0.04225763258369022,-0.7028206948790687,-0.03817906545386692
0,-0.6971859815491165,0.0481984174765572,-0.7141714252848359,-0.039595391029472286
0,-0.6890863040538697,0.051725428260974135,-0.7217395116121441,-0.0397067124609977
0,-0.6832148266658165,0.055048934917669094,-0.7270395031903992,-0.04000845147073547
0,-0.6842991440093261,0.05449194452659468,-0.7259899740656647,-0.0412779244384923
0,-0.6920668548941468,0.05242600104812418,-0.7185993896324143,-0.04370240257637956
0,-0.7117319020383412,0.04694474480619769,-0.6993491608821965,-0.04631027671407144
0,-0.7248350730994607,0.044553575891106825,-0.6856998793033325,-0.049444627651648906
0,-0.7367475126801897,0.04119223875579218,-0.6730077015216341,-0.05066493578804395
0,-0.7468008130148841,0.03923728652641181,-0.6618021970366296,-0.052600694138412
0,-0.7537495052334084,0.0376735894003459,-0.6538814396165501,-0.053679110900557075
0,-0.7575346409107269,0.037181626390451826,-0.6494752932799635,-0.054227648834543965
0,-0.7551526380949356,0.03774046231715964,-0.6522575734419892,-0.0536675746602584
0,-0.7462796424521602,0.03788971506542493,-0.6626079900575708,-0.050810592061137486
0,-0.733130360349314,0.03612680013307539,-0.6775284398763126,-0.04658263845039119
0,-0.7167526033622139,0.03272374780899077,-0.6953354811255207,-0.04127263731291337
0,-0.7034828986911713,0.031307458066185935,-0.7089349857204269,-0.03927900635300391
0,-0.6943365345067017,0.030496312997155977,-0.7177626213373615,-0.042232347243822445
0,-0.6916214502944533,0.028757405199349523,-0.720222392179488,-0.045961798725172365
0,-0.6967936784706685,0.025456761207600143,-0.7148650035913876,-0.052901319382597234
0,-0.7059847967074406,0.019653566201718334,-0.705944462101933,-0.05330685304087178
0,-0.7148038465844793,0.017676405940024467,-0.6968403959666296,-0.056182453934896216
0,-0.7217350954703415,0.015172868686897108,-0.6894329212245878,-0.059585930839071294
0,-0.7275936041889823,0.012990033937434758,-0.6829445954519925,-0.0634467154745229
0,-0.7279399031730761,0.014037598580812246,-0.6821115438495318,-0.06804619711390958
0,-0.7208620750102372,0.015030227051959975,-0.6888845772057766,-0.07463243513861981
0,-0.707773554801966,0.01808369800752269,-0.701327454695244,-0.08288170051375439
0,-0.6891978687569016,0.02216265111504532,-0.7187217013592563,-0.08918649332580351
0,-0.6671479784482185,0.023984832011768348,-0.7390398391432207,-0.09032396606098125
0,-0.6446769671012242,0.026107515949236774,-0.7586617341095053,-0.09023513117453534
0,-0.6238371147845804,0.029166582536190165,-0.7758144996344579,-0.08993568166943457
0,-0.609550467948212,0.030878094471410027,-0.7869349108436067,-0.09070951659828949
0,-0.6060783735346834,0.03175198373828011,-0.7892788498873441,-0.09327225623275238
0,-0.6130075642645784,0.029532458447711463,-0.7839558122374839,-0.09361006629369531
0,-0.6246238545282601,0.027382347310400745,-0.7748762398621662,-0.09307019021739683
0,-0.6368685321273868,0.02738253512680131,-0.7649677819129836,-0.09204869467334632
0,-0.6482731976481074,0.028971964761805993,-0.7555640418599676,-0.08958496032910794
0,-0.6585602238190846,0.033192815655258084,-0.7469399522822265,-0.08530753939048094
0,-0.6664242370428963,0.03915389565027488,-0.7402391146035535,-0.07994849559652974
0,-0.6732938725814374,0.04377723165382462,-0.734217837747374,-0.07538621801489538
0,-0.6786033225097367,0.0477279692990479,-0.7293670888500899,-0.07241009133871154
0,-0.6888140689897655,0.05602633283182163,-0.7195657312922152,-0.06798078214525248
0,-0.7031246763444073,0.06027943922406144,-0.705744695427301,-0.06250202875612418
0,-0.7198597916188455,0.0601037012015716,-0.6887778637399825,-0.06143679625542648
0,-0.7371191223421902,0.058844103506474635,-0.6703391780932015,-0.06195286331824853
0,-0.7600195010888915,0.05718398326862424,-0.6437991567791321,-0.06799261542700395
0,-0.7802828932638946,0.05393760814776682,-0.6186746523800009,-0.07410138601611192
0,-0.7999331069145067,0.05113508314202352,-0.5924898539030042,-0.08029944430791246
0,-0.8178548678537098,0.050053067067597434,-0.5669588457971482,-0.08465088763553061
0,-0.8322357272976719,0.05008837382212688,-0.5452835467521704,-0.08683721931605047
0,-0.8406060745973084,0.049709165602112436,-0.5321303157078013,-0.08802132304141982
0,-0.8409390737543714,0.0501216344598466,-0.5317273604324708,-0.08703625773050422
0,-0.8361466989610747,0.05092449659542422,-0.5394658867200257,-0.08509965057729078
0,-0.8304184447782685,0.051828761902630464,-0.548371175605619,-0.08371403572038381
0,-0.8194381451680467,0.05500794396296629,-0.5644561465114261,-0.0829729534847962
0,-0.8083915347596019,0.0585090161124261,-0.5798010942082322,-0.08312949366805866
0,-0.7999811247533336,0.06033165160365569,-0.5911887303946554,-0.08298299167613823
0,-0.7949236531549653,0.06035356731414431,-0.5979781382636081,-0.08292152148875803
0,-0.793556215556346,0.06052164697350858,-0.5996123466264806,-0.08408743528369457
0,-0.7935591996717973,0.06185351326472364,-0.5990404639726329,-0.08711177897689822
0,-0.7947378473782626,0.06301037005871744,-0.596818926264618,-0.09071172174519308
0,-0.7940385884202129,0.06550212882634514,-0.597210146240071,-0.09247828094620807
0,-0.7913013785072475,0.06809111234880706,-0.6005455091719639,-0.09247064509896526
0,-0.7876227708307391,0.06906707793575911,-0.6053025014989539,-0.09213572213551938
0,-0.7842980326110538,0.07049443018210674,-0.6093190459462683,-0.0929377835052038
0,-0.7769164865048176,0.07346215207104237,-0.6183500062923546,-0.09299115510813778
0,-0.7677446083026707,0.07766332034290013,-0.6291809269028711,-0.09310202101533067
0,-0.757366893691303,0.08448656148583993,-0.6406320272887107,-0.09406388722906689
0,-0.7477331267284673,0.09424800444231812,-0.6504080699453633,-0.09477250340398477
0,-0.7356555991626276,0.11034166722494598,-0.6614523290576736,-0.09547969563668476
0,-0.7260806719103938,0.1260295504075342,-0.6691194903539378,-0.09592975518947452
0,-0.7166428471810294,0.1454155417955372,-0.6757999868587234,-0.09258362463377245
0,-0.7114398842376396,0.15755419356191427,-0.6790805234061233,-0.08876716700140037
0,-0.7060945177818206,0.1755507007773162,-0.6809118818244124,-0.0834954645797528
0,-0.7036308239389871,0.18640597757138755,-0.6814169103193697,-0.07633786386454433
0,-0.7024944218399428,0.1967696653884276,-0.6805189904598824,-0.06838998238158381
0,-0.7032651185786858,0.20682836370382748,-0.6776302383159589,-0.058800179234090685
0,-0.7036438412543617,0.22789212881508203,-0.671734668404537,-0.04150972840652386
0,-0.7032420356626065,0.23439479007459083,-0.6702680285600063,-0.03536228998925897
0,-0.6984677284263646,0.26271847073045657,-0.6654249260505556,-0.01820728630458721
0,-0.6898766404604844,0.28566348784895906,-0.6650943512901841,-0.010774810384062907
0,-0.679000390438932,0.30517286876157074,-0.6676883967598407,-0.004493861133235434
0,-0.6708265286009959,0.31647340415711306,-0.6706976876970865,-0.000982193528386538
0,-0.6532498006804367,0.33609535256236367,-0.6784488938547387,0.00342203510090683
0,-0.6346328523630195,0.35188655977582817,-0.6880477559677827,0.002697639414208951
0,-0.6194069561172375,0.36311603935245645,-0.6960457254719745,-0.0014535235659131512
0,-0.6128624911633287,0.36449669184599076,-0.7010878222539739,-0.00419452566903911
0,-0.6145571462969066,0.3592958111358764,-0.7022590990866739,-0.007628354055000021
0,-0.6238527214339454,0.35093386949752153,-0.6982096706841411,-0.01250827574448023
0,-0.6387512404709215,0.34005147451117884,-0.6898885752788584,-0.020386298814138955
0,-0.6723647304915351,0.3073903334077331,-0.6721740981832272,-0.0402347343733442
0,-0.6865069828718687,0.28624806811048936,-0.6663176391379241,-0.05283000799583301
0,-0.6954975684451605,0.2662673813447003,-0.6640746415692498,-0.06625469299134903
0,-0.6998745854110677,0.24989712140888115,-0.6645771141989255,-0.07787331179723461
0,-0.6995090060577458,0.22328309836509183,-0.6713395352509639,-0.10067292008086971
0,-0.6968536283237339,0.20842021085659218,-0.6767867981914447,-0.11364711255598958
0,-0.6926939438828168,0.19311894330701865,-0.6832427870968056,-0.1267259552113889
0,-0.6879972243955053,0.17875999336027168,-0.6895415447564659,-0.13869802468955106
0,-0.6850925716529257,0.1706094789682173,-0.6928044388395262,-0.14684203579501204
0,-0.6789134302978685,0.14887595556529393,-0.6994662556178373,-0.16631133836171325
0,-0.6765648699253792,0.1312460285842,-0.7022382163334862,-0.17859435681032576
0,-0.6751772244011511,0.11449609027149986,-0.7033459897293762,-0.19060634746540425
0,-0.6748223829656776,0.09210425232033081,-0.70292495881813,-0.20500746431183295
0,-0.6769642043710579,0.07493514674412309,-0.7005935339507573,-0.21277426998837629
0,-0.6783121991175652,0.055187670861108075,-0.6980137889341146,-0.22276362353638482
0,-0.6786149522867877,0.03266623957522961,-0.6963215598630016,-0.2314107789079213
0,-0.6802065243153247,0.013828796169371936,-0.6937518152405108,-0.23629699009058036
0,-0.6818357017100488,0.0006952603399001244,-0.6913293473964391,-0.23908853154226956
0,-0.6835864868712843,-0.003709985231655384,-0.6899083553883477,-0.23816425454274587
0,-0.6860677291566926,-0.00019405730624017306,-0.6891672535945056,-0.23315130264390005
0,-0.6864669393642584,0.006388028177870082,-0.6900135195194963,-0.22935491522133167
0,-0.6857080586849064,0.018669951438305833,-0.692628642311644,-0.22298308235692962
0,-0.6848005587831459,0.03403254243352498,-0.6965438690328185,-0.21146304466405746
0,-0.6834419755968351,0.04814769224427473,-0.6998236483465621,-0.2020785167670062
0,-0.6787909498912351,0.07482914789844707,-0.7060657556366787,-0.1873888835757158
0,-0.6706655940300976,0.10927251772014328,-0.7157856713010775,-0.16099084016000162
0,-0.6645093089482923,0.13259200324871462,-0.7221780662824778,-0.13894451977698552
0,-0.6522322006182643,0.17794122162078857,-0.7293309781251486,-0.10491140296350845
0,-0.6450321571554647,0.20297612511314628,-0.7313750039787537,-0.08845796981899688
0,-0.6423444277778997,0.22130130167911466,-0.7299652970315849,-0.07463266782985988
0,-0.6448284638978389,0.2382236484416436,-0.7237979297156818,-0.05968502667838116
0,-0.6519535028425618,0.2525522444071381,-0.7134789531854095,-0.04606275434321393
0,-0.6625261899772146,0.2643952425942621,-0.7000265315808922,-0.03342242317102671
0,-0.6782546877558034,0.27420431692006303,-0.6814356753824429,-0.020687953880299047
0,-0.6971268964595672,0.28123592007767273,-0.6594350321326335,-0.008117012193497836
0,-0.7170046695769723,0.28180853359524094,-0.637539658342827,0.005606981168901591
0,-0.7367491022797062,0.2815473205301424,-0.614592088561866,0.01443714893973394
0,-0.7582784540989771,0.27810931517859666,-0.5892426236746421,0.02149709992491261
0,-0.7818379507379042,0.2674808871561286,-0.5624269864605513,0.029313455835637908
0,-0.80467627926584,0.25279920645902576,-0.5362373959745528,0.03221958967773819
0,-0.8225846413622172,0.23949629197756986,-0.5148769161236071,0.029963230250275558
0,-0.8375029156227789,0.22312280150449118,-0.4980237185867996,0.027882924830591817
0,-0.845282411067518,0.2095503258098422,-0.4910127376236301,0.02219905367849727
0,-0.8456812039895286,0.20300455923057015,-0.49327966596858225,0.016959401296843712
0,-0.83861302131794,0.19795469524882445,-0.5074336511421806,0.007295806566600593
0,-0.8326327833212926,0.19409506596501488,-0.5186998212669253,0.0004989231740346185
0,-0.8215636933299671,0.18776632095644344,-0.5379164379168746,-0.020562401010750755
0,-0.8181190952581604,0.18520069340013473,-0.5436861253098341,-0.02805790946698842
0,-0.8140483806835828,0.17414957979138643,-0.551937651586531,-0.0486002729011414
0,-0.8194288346374146,0.16559772192232747,-0.5458445815553323,-0.05628030068850238
0,-0.8296801568183664,0.15618173989342332,-0.5327159408430305,-0.058752258487983704
0,-0.8400068048335215,0.14762781622310217,-0.5188950972632582,-0.057814131029792534
0,-0.8585217761087484,0.13401768928704513,-0.49201208812725133,-0.0538862138390072
0,-0.8805844436221332,0.11755275559649325,-0.45663484578488306,-0.04729698634570167
0,-0.895840412547632,0.1064336025186822,-0.4292451997449434,-0.04347875340102762
0,-0.911888321240072,0.09205631878588869,-0.39805913936409926,-0.03916944378296194
0,-0.9244946473009703,0.07919261619410325,-0.37108534291718215,-0.0365218417419673
0,-0.9315767208776211,0.06900438860040338,-0.35499111023474833,-0.037209126932569156
0,-0.9341684671730155,0.06381829219343187,-0.34901581092607503,-0.03800610799262262
0,-0.9325411051433539,0.06340465259405038,-0.35335400999914524,-0.03857305879709539
0,-0.926183726970982,0.06842999791398587,-0.36868193602010546,-0.039682103423339186
0,-0.916573475849782,0.07748388241022924,-0.3901339789294688,-0.04104619129648697
0,-0.9039061380542271,0.08759991585842596,-0.4164489393040131,-0.043014291602345406
0,-0.8881465141628965,0.09745121743233709,-0.4467466755686955,-0.046004754858275876
0,-0.8707363286173507,0.10544302296319555,-0.47776332158083923,-0.04941885759913598
0,-0.856940837552083,0.11126451828652065,-0.500461788723244,-0.05301514815535321
0,-0.8360773833866949,0.11994647389458851,-0.5319716551878341,-0.05994673023800882
0,-0.8126831864436437,0.12754454944810983,-0.5645114565194522,-0.06786193215766244
0,-0.7869430667986372,0.13460189061803102,-0.5974599965630966,-0.07512984204982738
0,-0.7540847235823843,0.1413149760847338,-0.6364555042663493,-0.07943990359332945
0,-0.7254931928282429,0.14976935579453893,-0.6667061077763835,-0.08204713936778225
0,-0.6725897568498712,0.16890018751481853,-0.7157538742417969,-0.08241442316699284
0,-0.6334122161602804,0.18397643842464872,-0.7469968092066982,-0.0832910652982387
0,-0.5487931035925423,0.219325921267894,-0.802263791357884,-0.08423229063327424
0,-0.5686323691762535,0.20969933718949818,-0.7910195339709577,-0.08349559020484391
0,-0.5487931035925423,0.219325921267894,-0.802263791357884,-0.08423229063327424
0,-0.5360741237850465,0.22620432536019752,-0.8089666943568583,-0.08383927729751826
0,-0.5289366611058516,0.23106890586913809,-0.8122294165697054,-0.08435961200402183
0,-0.5242180054848958,0.23354444479333558,-0.8145358793412648,-0.0847571607438738
0,-0.5246843477813441,0.2347193960844757,-0.8135656254072581,-0.08788693560878005
0,-0.5326507243208454,0.2330593621894024,-0.8083296796336424,-0.09257250455573192
0,-0.5534183311746059,0.22513900445794052,-0.7956917252236769,-0.09957538753211294
0,-0.577369632468318,0.21329970431548362,-0.7808198377218857,-0.1070883964876439
0,-0.5950928595502937,0.2029546255993128,-0.7693515076567694,-0.11301400854032753
0,-0.6171651338593965,0.1869595392225884,-0.754515569604257,-0.12189989116793498
0,-0.6341135658473157,0.17016796821486102,-0.742521891175372,-0.13268040295151812
0,-0.6472608310521073,0.1582094056331599,-0.7310372850013808,-0.14699553902329043
0,-0.6582948411008909,0.14535826390286496,-0.7208654032570084,-0.16084759147158084
0,-0.6651688765293194,0.1363804316358199,-0.7141061174221058,-0.1703032490115092
0,-0.672793416489301,0.12847460700268667,-0.7061700220747109,-0.17935215082948272
0,-0.6848221301755553,0.12077134589158267,-0.6943557076609166,-0.1852109156395982
0,-0.7101463296332264,0.10519079487672281,-0.6708167568458593,-0.18609665745645068
0,-0.7274101748454815,0.09458128011189174,-0.6535264087740703,-0.18663346971679246
0,-0.7434085139025494,0.08244800505781458,-0.6371412786959106,-0.18600295401130024
0,-0.7535986677472551,0.07437607189341564,-0.6260996344288227,-0.1858937752248909
0,-0.7684679678284319,0.06248352141874535,-0.6079750976572001,-0.1895232772022248
0,-0.7747152265136495,0.05521241691702132,-0.6002685001245311,-0.19090739792981185
0,-0.774582927048522,0.05280203009262048,-0.5994316644711056,-0.1947175245642824
0,-0.7686502485364963,0.05508951554382555,-0.60550814256191,-0.19875067293761528
0,-0.7602581537446099,0.05747504581110439,-0.6149779859857185,-0.20126160966959905
0,-0.7502502196714933,0.05826579214548675,-0.6253897726942931,-0.2064396705042789
0,-0.7397906683797701,0.05176762866488304,-0.6356579240064101,-0.2144035523224576
0,-0.7321532856168825,0.04170970897495167,-0.6429883108672536,-0.22085719056826003
0,-0.7241828650518317,0.03016779705129764,-0.6485918012981612,-0.23233113711941203
0,-0.7161187137829909,0.008247961279827676,-0.6537890485849401,-0.24426591832451855
0,-0.7116060188991581,-0.013770161790420673,-0.6546490722959692,-0.2546798944808629
0,-0.7084364106746245,-0.029407109421026357,-0.6549343505391161,-0.2613696050229653
0,-0.7059374830176065,-0.055881332972004934,-0.6530335443993398,-0.2684711094052283
0,-0.7050134803944373,-0.06812816718493829,-0.6514602856790859,-0.2718713693662268
0,-0.7043693135104905,-0.0727864248063966,-0.6512325150587939,-0.27287766101104904
0,-0.7039444060419311,-0.07604721434189826,-0.6528556447888373,-0.26918135422139106
0,-0.7024869857893792,-0.075954688774045,-0.6557398872348071,-0.2659851881948937
0,-0.6995953247364495,-0.07074642484439805,-0.6601427776791514,-0.2641454865347737
0,-0.6971341930548965,-0.06569574521268194,-0.6643641823329521,-0.2613584113200044
0,-0.6941511683692643,-0.05570242491993503,-0.6714561639207997,-0.2533732725493924
0,-0.6951859518568934,-0.04255408131140787,-0.6772883607307687,-0.2370361131203334
0,-0.6973106724817048,-0.02195381411577484,-0.6831326566015049,-0.2158833703031642
0,-0.6962823008422988,-0.007868268035229869,-0.688372673695213,-0.2031553838853017
0,-0.694246913253228,0.008862792728481858,-0.6935843735813104,-0.19205049093204185
0,-0.6897587334145243,0.02576811192240908,-0.6996576925497571,-0.18452102141028548
0,-0.6838267416987709,0.03895147923671075,-0.7072330644405176,-0.17517180756328735
0,-0.6798682888279388,0.04536129754492904,-0.7146998395213693,-0.15787844032463702
0,-0.6784226577317671,0.05340968000262181,-0.7202968926362476,-0.13439676341619708
0,-0.6790843771143285,0.06311565256565581,-0.7225483908966878,-0.11306920877525935
0,-0.6822380896551096,0.07643231146115866,-0.7212283702632463,-0.09240632400367911
0,-0.6864522736613544,0.09311451981453826,-0.7172848727354891,-0.0749357960503411
0,-0.6918865686180464,0.10910575207592968,-0.7111868042517485,-0.060018667829903324
0,-0.6979394871958744,0.12205408732142807,-0.7039147080199936,-0.049873397859183655
0,-0.7034975919510676,0.13110043290699377,-0.6970315855329773,-0.04528557584962105
0,-0.7083519910168746,0.13628045365851402,-0.6912693537199835,-0.042564954840989024
0,-0.7124990856355806,0.13696352169003487,-0.686950387716539,-0.04105132775954678
0,-0.7168098012762458,0.1384900892790351,-0.6820430367806254,-0.04267903401972184
0,-0.7171025438996592,0.14106170496303108,-0.6810015799719739,-0.04585177206210662
0,-0.7167814691371037,0.14190051855172944,-0.6810245673438272,-0.04789683716654711
0,-0.7163088688983272,0.1425799660462446,-0.6813305028462688,-0.04859324552961361
0,-0.7163173511859884,0.14311964706195301,-0.6811755787502829,-0.04905150282069638
0,-0.7179912986328345,0.14320300249755274,-0.6794290872394654,-0.0485542024563172
0,-0.7214031722374215,0.14199222073571557,-0.6761302238299403,-0.047577229427532834
0,-0.7282098183914513,0.1396626800020206,-0.6693511425617674,-0.046624501758189545
0,-0.7377018633356648,0.1364039724156478,-0.6597005071871214,-0.044555111461807295
0,-0.7497459451777856,0.1333885909035778,-0.6466660790874511,-0.04372051765349265
0,-0.7635593835435168,0.12882759844543237,-0.6313166872916006,-0.04265862197242888
0,-0.7791657295416129,0.12097127614917774,-0.6136448989744375,-0.04131167168462342
0,-0.7957901168426423,0.11069473539398117,-0.5940542016971037,-0.03955212936931592
0,-0.8081787060395145,0.1024248461594561,-0.5787306414323514,-0.03777796528145733
0,-0.8233085470194347,0.08907477792382935,-0.5593011891123606,-0.0375619514943963
0,-0.8316473279754818,0.08141091807508835,-0.5479778666787667,-0.038147633210991454
0,-0.8397188828935628,0.07416312509310796,-0.5365496464187467,-0.03855522683539944
0,-0.843595824544016,0.07446702441081697,-0.5300738476696565,-0.04269031627882818
0,-0.84323605810767,0.07473455978655665,-0.530541328442896,-0.04351545351475829
0,-0.836929637602142,0.07892314405862613,-0.539672469999279,-0.04553618517098379
0,-0.8305240291932108,0.08385380484937957,-0.5486875452442044,-0.04626396047515042
0,-0.8210927417259123,0.08967172416370674,-0.5617214101860256,-0.04727312882764852
0,-0.807256891836974,0.09598210011171089,-0.5803136271357066,-0.04857819676000328
0,-0.7979254377169901,0.09756597908899378,-0.5927362772546746,-0.04959416492718873
0,-0.78756230819089,0.09038979544155222,-0.6072601684016735,-0.05301304999566903
0,-0.7787121312585744,0.08358160293581236,-0.6191000765417402,-0.0577635482585744
0,-0.7702691785758585,0.07205386575120716,-0.6305076849054626,-0.06287839248528197
0,-0.7595760878169406,0.05364132471907282,-0.6449391215568071,-0.06496387137962405
0,-0.7543246182517895,0.046475696052995306,-0.6520596589236427,-0.060436588090862595
0,-0.7486119720255415,0.04135036496155201,-0.6593921344032667,-0.055428113306161875
0,-0.7430729395748459,0.03758441394081184,-0.6662096142030927,-0.05093886771110846
0,-0.7383890008205939,0.03437077478915154,-0.672017351791443,-0.04464316519664106
0,-0.7349342945816317,0.03134360268771968,-0.6762094028333185,-0.040373317155774066
0,-0.7338705866200192,0.029251049020891227,-0.6775730226074065,-0.0383814702666465
0,-0.734325326720076,0.023629100035752748,-0.6774111759021407,-0.03636040335080266
0,-0.7354007929863918,0.01939006055440635,-0.676377772985192,-0.036370419825386274
0,-0.7370900074444902,0.016267097241564072,-0.6745795169166616,-0.03709687088284553
0,-0.7406609902117426,0.014722819769288046,-0.6706039116790049,-0.0386643220219826
0,-0.7441311256349777,0.013638744847298944,-0.6666837672005707,-0.0401946147072795
0,-0.7479752304761051,0.014840107857673033,-0.6622497520610305,-0.04169042681592034
0,-0.7516255434832857,0.02387278641735869,-0.6578923729944005,-0.04082594772841452
0,-0.7545984889189404,0.03603017373157948,-0.6541317229861486,-0.03734482675413686
0,-0.7564036123328111,0.048074068475283394,-0.6513487309968518,-0.035878821314242346
0,-0.7565403740669597,0.06043527283911325,-0.6501750352698088,-0.0355902193782174
0,-0.7557420694080875,0.07029703250219548,-0.6501162075537567,-0.035512933194650556
0,-0.754201841515063,0.07629759261158033,-0.6511153721006077,-0.03751042296818959
0,-0.7521373112785874,0.08193332789120465,-0.6526496179536307,-0.040309688019999367
0,-0.7509689111487469,0.08679523018477334,-0.6531895049435494,-0.04307845327815716
0,-0.7535855816598814,0.08953054270869899,-0.6498494529359319,-0.0422935167075796
0,-0.7635860533111953,0.09143543491048584,-0.6383110565073175,-0.033688211170601653
0,-0.7552598847266507,0.11393519542871307,-0.6450869891928462,-0.02154191587152519
0,-0.7367899941685038,0.12279519069536775,-0.6644982443726468,-0.022448359871820586
0,-0.7096199476150633,0.12343724680605683,-0.6930185985890004,-0.03046306054015975
0,-0.6908331973651624,0.11965494038074032,-0.7121404250693338,-0.03589155391978515
0,-0.6893007563368643,0.1155357294016815,-0.7143631813355966,-0.03465844337436539
0,-0.6987769679915001,0.10719373167346996,-0.7065887781442733,-0.030863432976663996
0,-0.7122660086173842,0.10051868246859082,-0.6940782485821515,-0.028783889385766218
0,-0.7241217764057627,0.09725328593502236,-0.6822636448863293,-0.026566335393207345
0,-0.7308040331844419,0.09747448672383924,-0.6751561932998923,-0.024254982335100372
0,-0.7314809678578638,0.09952540318398463,-0.6741559666353908,-0.02332424559745284
0,-0.7288204512300738,0.10091330430480508,-0.6768010910014814,-0.024032022434289448
0,-0.7256883019323309,0.10089930507988416,-0.6801092280870792,-0.025441237072205185
0,-0.7236172643768001,0.09889207888974799,-0.6825627923915559,-0.02657904948153614
0,-0.7233079875696754,0.09608652105701643,-0.6832627218085437,-0.027294478852807575
0,-0.7243957967834567,0.09422576416067713,-0.6823651372222161,-0.027387122421016877
0,-0.7255833060324897,0.09364624049094689,-0.681188078331191,-0.02724058715104128
0,-0.726556260072693,0.09438906539386065,-0.6800532392085437,-0.027097917359500952
0,-0.7268864072140758,0.09542577686399871,-0.679569864317234,-0.02673708340809502
0,-0.7268974406568686,0.09680895411293491,-0.6793803822824648,-0.026276098260325415
0,-0.7268152563727741,0.09785067042195866,-0.6793299533293209,-0.02599315123902256
0,-0.7266686376066777,0.09826946787498504,-0.6794165635060412,-0.02624759105258872
0,-0.7263319743490396,0.09813691247010296,-0.6797976050622745,-0.026195908089956203
0,-0.7265300586605605,0.09771204061813141,-0.6796453600730236,-0.026241484564203763
0,-0.7270257795959487,0.0973688321929579,-0.6791455435666838,-0.026723715568693962
0,-0.7274729601566651,0.09725349916842034,-0.6786626244054611,-0.02723768300515471
0,-0.7277343332168412,0.09695346341344425,-0.6784139625026289,-0.027518387871734665
0,-0.7280236486201045,0.09615553171508016,-0.6782224711929875,-0.02738540376438037
